mp_id,sr_no,house,state,mp_name,membership_type,tenure,constituency,allocated_limit,source
LS001,1,Lok Sabha,Maharashtra,AASHTIKAR PATIL NAGESH BAPURAO (2024-2029),Elected MP,,Hingoli,190289442.0,REAL_GOVT_PDF
LS002,2,Lok Sabha,Jammu And Kashmir,ABDUL RASHID SHEIKH (2024-2029),Elected MP,,Baramullah,154773472.11,REAL_GOVT_PDF
LS003,3,Lok Sabha,Bihar,ABHAY KUMAR SINHA (2024-2029),Elected MP,,Aurangabad_Br,147000000.0,REAL_GOVT_PDF
LS004,4,Lok Sabha,West Bengal,ABHIJIT GANGOPADHYAY (2024-2029),Elected MP,,Tamluk,147000000.0,REAL_GOVT_PDF
LS005,5,Lok Sabha,West Bengal,Abu Taher Khan (2024-2029),Elected MP,,Murshidabad,147000000.0,REAL_GOVT_PDF
LS006,6,Lok Sabha,West Bengal,ADHIKARI SOUMENDU (2024-2029),Elected MP,,Kanthi,147000000.0,REAL_GOVT_PDF
LS007,7,Lok Sabha,Uttar Pradesh,ADITYA YADAV (2024-2029),Elected MP,,Badaun,147000000.0,REAL_GOVT_PDF
LS008,8,Lok Sabha,Kerala,Adv Adoor Prakash (2024-2029),Elected MP,,Attingal,147000000.0,REAL_GOVT_PDF
LS009,9,Lok Sabha,Kerala,Adv Dean Kuriakose (2024-2029),Elected MP,,Idukki,147000000.0,REAL_GOVT_PDF
LS010,10,Lok Sabha,Maharashtra,ADV GOWAAL KAGADA PADAVI (2024-2029),Elected MP,,Nandurbar(St),147816309.11,REAL_GOVT_PDF
LS011,11,Lok Sabha,Kerala,ADV K FRANCIS GEORGE (2024-2029),Elected MP,,Kottayam,188722256.11,REAL_GOVT_PDF
LS012,12,Lok Sabha,Uttar Pradesh,AFZAL ANSARI (2024-2029),Elected MP,,Ghazipur,220500000.0,REAL_GOVT_PDF
LS013,13,Lok Sabha,Jammu And Kashmir,AGA SYED RUHULLAH MEHDI (2024-2029),Elected MP,,Srinagar,147000000.0,REAL_GOVT_PDF
LS014,14,Lok Sabha,Uttarakhand,Ajay Bhatt (2024-2029),Elected MP,,Nainital Udham Singh Nag.,147000000.0,REAL_GOVT_PDF
LS015,15,Lok Sabha,Bihar,Ajay Kumar Mandal (2024-2029),Elected MP,,Bhagalpur,147000000.0,REAL_GOVT_PDF
LS016,16,Lok Sabha,Uttarakhand,Ajay Tamta (2024-2029),Elected MP,,Almora(Sc),147000000.0,REAL_GOVT_PDF
LS017,17,Lok Sabha,Uttar Pradesh,AJENDRA SINGH LODHI (2024-2029),Elected MP,,Hamirpur_Up,147000000.0,REAL_GOVT_PDF
LS018,18,Lok Sabha,Uttar Pradesh,AKHILESH YADAV (2024-2029),Elected MP,,Kannauj,147000000.0,REAL_GOVT_PDF
LS019,19,Lok Sabha,Uttar Pradesh,AKSHAYA YADAV (2024-2029),Elected MP,,Firozabad,147000000.0,REAL_GOVT_PDF
LS020,20,Lok Sabha,Manipur,ALFRED KANNGAM S ARTHUR (2024-2029),Elected MP,,Outer Manipur(St),147000000.0,REAL_GOVT_PDF
LS021,21,Lok Sabha,Bihar,Alok Kumar Suman (2024-2029),Elected MP,,Gopalganj (Sc),147000000.0,REAL_GOVT_PDF
LS022,22,Lok Sabha,Madhya Pradesh,ALOK SHARMA (2024-2029),Elected MP,,Bhopal,147000000.0,REAL_GOVT_PDF
LS023,23,Lok Sabha,Maharashtra,AMAR SHARADRAO KALE (2024-2029),Elected MP,,Wardha,147000000.0,REAL_GOVT_PDF
LS024,24,Lok Sabha,Assam,AMARSING TISSO (2024-2029),Elected MP,,Diphu (St),147000000.0,REAL_GOVT_PDF
LS025,25,Lok Sabha,Andhra Pradesh,AMBICA G LAKSHMINARAYANA VALMIKI (2024-2029),Elected MP,,Anantapur,201899064.11,REAL_GOVT_PDF
LS026,26,Lok Sabha,Maharashtra,Amol Ramsing Kolhe (2024-2029),Elected MP,,Shirur,147000000.0,REAL_GOVT_PDF
LS027,27,Lok Sabha,Rajasthan,AMRARAM (2024-2029),Elected MP,,Sikar,165691544.11,REAL_GOVT_PDF
LS028,28,Lok Sabha,Punjab,AMRINDER SINGH RAJA WARRING (2024-2029),Elected MP,,Ludhiana,147000000.0,REAL_GOVT_PDF
LS029,29,Lok Sabha,Uttar Pradesh,ANAND BHADAURIYA (2024-2029),Elected MP,,Dhaurahra,147000000.0,REAL_GOVT_PDF
LS030,30,Lok Sabha,Uttar Pradesh,ANAND KUMAR (2024-2029),Elected MP,,Bahraich(Sc),147000000.0,REAL_GOVT_PDF
LS031,31,Lok Sabha,Odisha,ANANTA NAYAK (2024-2029),Elected MP,,Keonjhar(St),147000000.0,REAL_GOVT_PDF
LS032,32,Lok Sabha,Tamil Nadu,Andimuthu Raja (2024-2029),Elected MP,,Nilgiris(Sc),147000000.0,REAL_GOVT_PDF
LS033,33,Lok Sabha,Meghalaya,ANDREW J. SYNGKON (2024-2029),Elected MP,,Shillong,98000000.0,REAL_GOVT_PDF
LS034,34,Lok Sabha,Manipur,ANGOMCHA BIMOL AKOIJAM (2024-2029),Elected MP,,Inner Manipur,147000000.0,REAL_GOVT_PDF
LS035,35,Lok Sabha,Uttarakhand,ANIL BALUNI (2024-2029),Elected MP,,Garhwal,147000000.0,REAL_GOVT_PDF
LS036,36,Lok Sabha,Maharashtra,ANIL YESHWANT DESAI (2024-2029),Elected MP,,Mumbai South Central,147000000.0,REAL_GOVT_PDF
LS037,37,Lok Sabha,Madhya Pradesh,ANITA NAGARSINGH CHOUHAN (2024-2029),Elected MP,,Ratlam(St),147000000.0,REAL_GOVT_PDF
LS038,38,Lok Sabha,Odisha,ANITA SUBHADARSHINI (2024-2029),Elected MP,,Aska,147000000.0,REAL_GOVT_PDF
LS039,39,Lok Sabha,Jharkhand,Annpurna Devi (2024-2029),Elected MP,,Kodarma,166665931.8,REAL_GOVT_PDF
LS040,40,Lok Sabha,Uttar Pradesh,ANOOP PRADHAN BALMIKI (2024-2029),Elected MP,,Hathras (Sc),147000000.0,REAL_GOVT_PDF
LS041,41,Lok Sabha,Kerala,Anto Antony (2024-2029),Elected MP,,Pathanamthitta,147000000.0,REAL_GOVT_PDF
LS042,42,Lok Sabha,Maharashtra,ANUP SANJAY DHOTRE (2024-2029),Elected MP,,Akola,147000000.0,REAL_GOVT_PDF
LS043,43,Lok Sabha,Uttar Pradesh,Anurag Sharma (2024-2029),Elected MP,,Jhansi,147000000.0,REAL_GOVT_PDF
LS044,44,Lok Sabha,Himachal Pradesh,Anurag Singh Thakur (2024-2029),Elected MP,,Hamirpur_Hp,149570117.11,REAL_GOVT_PDF
LS045,45,Lok Sabha,Andhra Pradesh,Appalanaidu Kalisetti (2024-2029),Elected MP,,Vizianagaram,147000000.0,REAL_GOVT_PDF
LS046,46,Lok Sabha,Bihar,ARUN BHARTI (2024-2029),Elected MP,,Jamui(Sc),194924621.11,REAL_GOVT_PDF
LS047,47,Lok Sabha,Uttar Pradesh,ARUN GOVIL (2024-2029),Elected MP,,Meerut,147000000.0,REAL_GOVT_PDF
LS048,48,Lok Sabha,Tamil Nadu,ARUN NEHRU (2024-2029),Elected MP,,Perambalur,147000000.0,REAL_GOVT_PDF
LS049,49,Lok Sabha,Telangana,ARUNA. D. K (2024-2029),Elected MP,,Mahabubnagar,147000000.0,REAL_GOVT_PDF
LS050,50,Lok Sabha,West Bengal,ARUP CHAKRABORTY (2024-2029),Elected MP,,Bankura,147000000.0,REAL_GOVT_PDF
LS051,51,Lok Sabha,Telangana,Arvind Dharmapuri (2024-2029),Elected MP,,Nizamabad,281396355.11,REAL_GOVT_PDF
LS052,52,Lok Sabha,Maharashtra,Arvind Ganpat Sawant (2024-2029),Elected MP,,Mumbai South,147000000.0,REAL_GOVT_PDF
LS053,53,Lok Sabha,Telangana,Asaduddin Owaisi (2024-2029),Elected MP,,Hyderabad,147000000.0,REAL_GOVT_PDF
LS054,54,Lok Sabha,Madhya Pradesh,ASHISH DUBEY (2024-2029),Elected MP,,Jabalpur,147000000.0,REAL_GOVT_PDF
LS055,55,Lok Sabha,Uttar Pradesh,Ashok Kumar Rawat (2024-2029),Elected MP,,Misrikh(Sc),147000000.0,REAL_GOVT_PDF
LS056,56,Lok Sabha,Bihar,Ashok Kumar Yadav (2024-2029),Elected MP,,Madhubani,147000000.0,REAL_GOVT_PDF
LS057,57,Lok Sabha,West Bengal,Asit Kumar Mal (2024-2029),Elected MP,,Bolpur(Sc),275694456.74,REAL_GOVT_PDF
LS058,58,Lok Sabha,Uttar Pradesh,ATUL GARG (2024-2029),Elected MP,,Ghaziabad,155336470.0,REAL_GOVT_PDF
LS059,59,Lok Sabha,Odisha,AVIMANYU SETHI (2024-2029),Elected MP,,Bhadrak(Sc),147000000.0,REAL_GOVT_PDF
LS060,60,Lok Sabha,Uttar Pradesh,AWADHESH PRASAD (2024-2029),Elected MP,,Faizabad,147000000.0,REAL_GOVT_PDF
LS061,61,Lok Sabha,West Bengal,AZAD KIRTI JHA (2024-2029),Elected MP,,Bardhaman-Durgapur,179658399.98,REAL_GOVT_PDF
LS062,62,Lok Sabha,Andhra Pradesh,B K PARTHASARATHI (2024-2029),Elected MP,,Hindupur,160491894.11,REAL_GOVT_PDF
LS063,63,Lok Sabha,Uttar Pradesh,BABU SINGH KUSHWAHA (2024-2029),Elected MP,,Jaunpur,147000000.0,REAL_GOVT_PDF
LS064,64,Lok Sabha,Maharashtra,BACHHAV SHOBHA DINESH (2024-2029),Elected MP,,Dhule,147000000.0,REAL_GOVT_PDF
LS065,65,Lok Sabha,West Bengal,BAG MITALI (2024-2029),Elected MP,,Arambag(Sc),147000000.0,REAL_GOVT_PDF
LS066,66,Lok Sabha,Odisha,BAIJAYANT PANDA (2024-2029),Elected MP,,Kendrapara,147000000.0,REAL_GOVT_PDF
LS067,67,Lok Sabha,Maharashtra,BAJRANG MANOHAR SONWANE (2024-2029),Elected MP,,Beed,165899107.19,REAL_GOVT_PDF
LS068,68,Lok Sabha,Odisha,BALABHADRA MAJHI (2024-2029),Elected MP,,Nabarangpur(St),147413962.11,REAL_GOVT_PDF
LS069,69,Lok Sabha,Andhra Pradesh,Balashowry Vallabbhaneni (2024-2029),Elected MP,,Machilipatnam,147000000.0,REAL_GOVT_PDF
LS070,70,Lok Sabha,Telangana,BALRAM NAIK PORIKA (2024-2029),Elected MP,,Mahabubabad,147000000.0,REAL_GOVT_PDF
LS071,71,Lok Sabha,Maharashtra,BALWANT BASWANT WANKHADE (2024-2029),Elected MP,,Amravati(Sc),198293678.0,REAL_GOVT_PDF
LS072,72,Lok Sabha,Maharashtra,BALYA MAMA SURESH GOPINATH MHATRE (2024-2029),Elected MP,,Bhiwandi,147000000.0,REAL_GOVT_PDF
LS073,73,Lok Sabha,Delhi,Bansuri Swaraj (2024-2029),Elected MP,,New Delhi,154306950.0,REAL_GOVT_PDF
LS074,74,Lok Sabha,West Bengal,BAPI HALDAR (2024-2029),Elected MP,,Mathurapur(Sc),147000000.0,REAL_GOVT_PDF
LS075,75,Lok Sabha,Karnataka,BASAVARAJ BOMMAI (2024-2029),Elected MP,,Haveri,147000000.0,REAL_GOVT_PDF
LS076,76,Lok Sabha,Andhra Pradesh,BASTIPATI NAGARAJU PANCHALINGALA (2024-2029),Elected MP,,Kurnool,159998515.11,REAL_GOVT_PDF
LS077,77,Lok Sabha,Rajasthan,Bhagirath Chaudhary (2024-2029),Elected MP,,Ajmer,147000000.0,REAL_GOVT_PDF
LS078,78,Lok Sabha,Rajasthan,BHAJAN LAL JATAV (2024-2029),Elected MP,,Karauli-Dholpur(Sc),147000000.0,REAL_GOVT_PDF
LS079,79,Lok Sabha,Madhya Pradesh,BHARAT SINGH KUSHWAH (2024-2029),Elected MP,,Gwalior,151455276.04,REAL_GOVT_PDF
LS080,80,Lok Sabha,Gujarat,BHARATBHAI MANUBHAI SUTARIYA (2024-2029),Elected MP,,Amreli,147000000.0,REAL_GOVT_PDF
LS081,81,Lok Sabha,Gujarat,Bharatsinhji Shankarji Dabhi (2024-2029),Elected MP,,Patan,147000000.0,REAL_GOVT_PDF
LS082,82,Lok Sabha,Madhya Pradesh,BHARTI PARDHI (2024-2029),Elected MP,,Balaghat,154398389.01,REAL_GOVT_PDF
LS083,83,Lok Sabha,Maharashtra,BHASKAR MURLIDHAR BHAGARE (2024-2029),Elected MP,,Dindori(St),147000000.0,REAL_GOVT_PDF
LS084,84,Lok Sabha,Maharashtra,BHAUSAHEB RAJARAM WAKCHAURE (2024-2029),Elected MP,,Shirdi(Sc),147000000.0,REAL_GOVT_PDF
LS085,85,Lok Sabha,Chhattisgarh,BHOJRAJ NAG (2024-2029),Elected MP,,Kanker(St),164672734.11,REAL_GOVT_PDF
LS086,86,Lok Sabha,Uttar Pradesh,Bhola Singh (2024-2029),Elected MP,,Bulandshahr(Sc),147000000.0,REAL_GOVT_PDF
LS087,87,Lok Sabha,Maharashtra,BHUMARE SANDIPANRAO ASARAM (2024-2029),Elected MP,,Aurangabad_Mh,147000000.0,REAL_GOVT_PDF
LS088,88,Lok Sabha,Andhra Pradesh,Bhupathiraju Srinivasa varma (2024-2029),Elected MP,,Narasapuram,147000000.0,REAL_GOVT_PDF
LS089,89,Lok Sabha,Rajasthan,BHUPENDER YADAV (2024-2029),Elected MP,,Alwar,147000000.0,REAL_GOVT_PDF
LS090,90,Lok Sabha,Odisha,BIBHU PRASAD TARAI (2024-2029),Elected MP,,Jagatsinghpur(Sc),147000000.0,REAL_GOVT_PDF
LS091,91,Lok Sabha,Jharkhand,Bidyut Baran Mahato (2024-2029),Elected MP,,Jamshedpur,147000000.0,REAL_GOVT_PDF
LS092,92,Lok Sabha,Assam,BIJULI KALITA MEDHI (2024-2029),Elected MP,,Guwahati,147000000.0,REAL_GOVT_PDF
LS093,93,Lok Sabha,Tripura,BIPLAB KUMAR DEB (2024-2029),Elected MP,,Tripura West,147000000.0,REAL_GOVT_PDF
LS094,94,Lok Sabha,Andaman And Nicobar Islands,BISHNU PADA RAY (2024-2029),Elected MP,,Andaman And Nicobar Islands,147000000.0,REAL_GOVT_PDF
LS095,95,Lok Sabha,Rajasthan,BRIJENDRA SINGH OLA (2024-2029),Elected MP,,Jhunjhunu,147000000.0,REAL_GOVT_PDF
LS096,96,Lok Sabha,Chhattisgarh,BRIJMOHAN AGRAWAL (2024-2029),Elected MP,,Raipur,153766451.11,REAL_GOVT_PDF
LS097,97,Lok Sabha,Madhya Pradesh,BUNTY VIVEK SAHU (2024-2029),Elected MP,,Chhindwara,147000000.0,REAL_GOVT_PDF
LS098,98,Lok Sabha,Gujarat,C R Patil (2024-2029),Elected MP,,Navsari,158532494.36,REAL_GOVT_PDF
LS099,99,Lok Sabha,Andhra Pradesh,C.M.RAMESH (2024-2029),Elected MP,,Anakapalle,202531656.11,REAL_GOVT_PDF
LS100,100,Lok Sabha,Karnataka,CAPTAIN BRIJESH CHOWTA (2024-2029),Elected MP,,Dakshina Kannada,147000000.0,REAL_GOVT_PDF
LS101,101,Lok Sabha,Goa,CAPTAIN VIRIATO FERNANDES (2024-2029),Elected MP,,South Goa,147000000.0,REAL_GOVT_PDF
LS102,102,Lok Sabha,Telangana,CHAMALA KIRAN KUMAR REDDY (2024-2029),Elected MP,,Bhongir,147000000.0,REAL_GOVT_PDF
LS103,103,Lok Sabha,Uttar Pradesh,CHANDAN CHAUHAN (2024-2029),Elected MP,,Bijnor,147000000.0,REAL_GOVT_PDF
LS104,104,Lok Sabha,Rajasthan,Chandra Prakash Joshi (2024-2029),Elected MP,,Chittorgarh,147000000.0,REAL_GOVT_PDF
LS105,105,Lok Sabha,Uttar Pradesh,CHANDRA SHEKHAR (2024-2029),Elected MP,,Nagina(Sc),147000000.0,REAL_GOVT_PDF
LS106,106,Lok Sabha,Gujarat,CHANDUBHAI CHHAGANBHAI SHIHORA (2024-2029),Elected MP,,Surendranagar,147000000.0,REAL_GOVT_PDF
LS107,107,Lok Sabha,Punjab,CHARANJIT SINGH CHANNI (2024-2029),Elected MP,,Jalandhar(Sc),147000000.0,REAL_GOVT_PDF
LS108,108,Lok Sabha,Maharashtra,CHAVAN VASANTRAO BALWANTRAO (2024-2024),Elected MP,,,,REAL_GOVT_PDF
LS109,109,Lok Sabha,Uttar Pradesh,CHHATRA PAL SINGH GANGWAR (2024-2029),Elected MP,,Bareilly,147000000.0,REAL_GOVT_PDF
LS110,110,Lok Sabha,Maharashtra,CHHATRAPATI SHAHU SHAHAJI (2024-2029),Elected MP,,Kolhapur,147000000.0,REAL_GOVT_PDF
LS111,111,Lok Sabha,Uttar Pradesh,CHHOTELAL (2024-2029),Elected MP,,Robertsganj(Sc),147000000.0,REAL_GOVT_PDF
LS112,112,Lok Sabha,Chhattisgarh,CHINTAMANI MAHARAJ (2024-2029),Elected MP,,Sarguja(St),147000000.0,REAL_GOVT_PDF
LS113,113,Lok Sabha,Bihar,CHIRAG PASWAN (2024-2029),Elected MP,,Hajipur(Sc),147000000.0,REAL_GOVT_PDF
LS114,114,Lok Sabha,Tamil Nadu,CN Annadurai (2024-2029),Elected MP,,Tiruvannamalai,148579509.11,REAL_GOVT_PDF
LS115,115,Lok Sabha,Tamil Nadu,D M Kathir Anand (2024-2029),Elected MP,,Vellore,160196941.11,REAL_GOVT_PDF
LS116,116,Lok Sabha,Tamil Nadu,D Ravikumar (2024-2029),Elected MP,,Viluppuram(Sc),197598306.11,REAL_GOVT_PDF
LS117,117,Lok Sabha,Andhra Pradesh,Daggubati Purandeshwari (2024-2029),Elected MP,,Rajahmundry,147000000.0,REAL_GOVT_PDF
LS118,118,Lok Sabha,Andhra Pradesh,DAGGUMALLA PRASADA RAO (2024-2029),Elected MP,,Chittoor,147000000.0,REAL_GOVT_PDF
LS119,119,Lok Sabha,Rajasthan,DAMODAR AGARWAL (2024-2029),Elected MP,,Bhilwara,147000000.0,REAL_GOVT_PDF
LS120,120,Lok Sabha,Uttar Pradesh,DAROGA PRASAD SAROJ (2024-2029),Elected MP,,Lalganj (Sc),147000000.0,REAL_GOVT_PDF
LS121,121,Lok Sabha,Madhya Pradesh,DARSHAN SINGH CHOUDHARY (2024-2029),Elected MP,,Hoshangabad,147000000.0,REAL_GOVT_PDF
LS122,122,Lok Sabha,Haryana,DEEPENDER SINGH HOODA (2024-2029),Elected MP,,Rohtak,147000000.0,REAL_GOVT_PDF
LS123,123,Lok Sabha,Uttar Pradesh,Devendra Alias Bhole Singh (2024-2029),Elected MP,,Akbarpur,147000000.0,REAL_GOVT_PDF
LS124,124,Lok Sabha,Bihar,DEVESH CHANDRA THAKUR (2024-2029),Elected MP,,Sitamarhi,163809205.11,REAL_GOVT_PDF
LS125,125,Lok Sabha,Uttar Pradesh,DEVESH SHAKYA (2024-2029),Elected MP,,Etah,147000000.0,REAL_GOVT_PDF
LS126,126,Lok Sabha,Gujarat,Devusinh Jesingbhai Chauhan (2024-2029),Elected MP,,Kheda,147000000.0,REAL_GOVT_PDF
LS127,127,Lok Sabha,Maharashtra,Dhairyasheel Sambhajirao Mane (2024-2029),Elected MP,,Hatkanangle,147000000.0,REAL_GOVT_PDF
LS128,128,Lok Sabha,Maharashtra,DHANORKAR PRATIBHA SURESH ALIAS BALUBHAU (2024-2029),Elected MP,,Chandrapur,147000000.0,REAL_GOVT_PDF
LS129,129,Lok Sabha,Odisha,DHARMENDRA PRADHAN (2024-2029),Elected MP,,Sambalpur,147000000.0,REAL_GOVT_PDF
LS130,130,Lok Sabha,Uttar Pradesh,DHARMENDRA YADAV (2024-2029),Elected MP,,Azamgarh,147000000.0,REAL_GOVT_PDF
LS131,131,Lok Sabha,Gujarat,DHAVAL LAXMANBHAI PATEL (2024-2029),Elected MP,,Valsad(St),147000000.0,REAL_GOVT_PDF
LS132,132,Lok Sabha,Bihar,Dileshwar Kamait (2024-2029),Elected MP,,Supaul,150450930.89,REAL_GOVT_PDF
LS133,133,Lok Sabha,Assam,Dilip Saikia (2024-2029),Elected MP,,Darrang-Udalguri,147000000.0,REAL_GOVT_PDF
LS134,134,Lok Sabha,Bihar,Dinesh Chandra Yadav (2024-2029),Elected MP,,Madhepura,150070866.11,REAL_GOVT_PDF
LS135,135,Lok Sabha,Gujarat,DINESHBHAI MAKWANA (2024-2029),Elected MP,,Ahmedabad West(Sc),160434965.11,REAL_GOVT_PDF
LS136,136,Lok Sabha,Andhra Pradesh,DR BYREDDY SHABARI (2024-2029),Elected MP,,Nandyal,150675889.11,REAL_GOVT_PDF
LS137,137,Lok Sabha,Karnataka,DR C N MANJUNATH (2024-2029),Elected MP,,Bangalore Rural,147000000.0,REAL_GOVT_PDF
LS138,138,Lok Sabha,Andhra Pradesh,Dr Chandra Sekhar Pemmasani (2024-2029),Elected MP,,Guntur,159774113.11,REAL_GOVT_PDF
LS139,139,Lok Sabha,Punjab,DR DHARAMVIRA GANDHI (2024-2029),Elected MP,,Patiala,147000000.0,REAL_GOVT_PDF
LS140,140,Lok Sabha,West Bengal,Dr Jayanta Kumar Roy (2024-2029),Elected MP,,Jalpaiguri(Sc),147000000.0,REAL_GOVT_PDF
LS141,141,Lok Sabha,Maharashtra,DR KALGE SHIVAJI BANDAPPA (2024-2029),Elected MP,,Latur(Sc),147000000.0,REAL_GOVT_PDF
LS142,142,Lok Sabha,Bihar,Dr Mohammad Jawed (2024-2029),Elected MP,,Kishanganj,148669229.11,REAL_GOVT_PDF
LS143,143,Lok Sabha,Uttar Pradesh,DR RAJKUMAR SANGWAN (2024-2029),Elected MP,,Baghpat,147000000.0,REAL_GOVT_PDF
LS144,144,Lok Sabha,Tamil Nadu,DR RANI SRI KUMAR (2024-2029),Elected MP,,Tenkasi(Sc),153060922.82,REAL_GOVT_PDF
LS145,145,Lok Sabha,Kerala,Dr Shashi Tharoor (2024-2029),Elected MP,,Thiruvananthapuram,147000000.0,REAL_GOVT_PDF
LS146,146,Lok Sabha,West Bengal,Dr Sukanta Majumdar (2024-2029),Elected MP,,Balurghat,157085364.9,REAL_GOVT_PDF
LS147,147,Lok Sabha,Gujarat,DR. HEMANG JOSHI (2024-2029),Elected MP,,Vadodara,147000000.0,REAL_GOVT_PDF
LS148,148,Lok Sabha,Maharashtra,DR. HEMANT VISHNU SAVARA (2024-2029),Elected MP,,Palghar(St),147000000.0,REAL_GOVT_PDF
LS149,149,Lok Sabha,Maharashtra,DR. KIRSAN NAMDEO (2024-2029),Elected MP,,Gadchiroli-Chimur(St),147000000.0,REAL_GOVT_PDF
LS150,150,Lok Sabha,Madhya Pradesh,DR. LATA WANKHEDE (2024-2029),Elected MP,,Sagar,147000000.0,REAL_GOVT_PDF
LS151,151,Lok Sabha,Kerala,DR. M.P ABDUSSAMAD SAMADANI (2024-2029),Elected MP,,Ponnani,170434031.11,REAL_GOVT_PDF
LS152,152,Lok Sabha,Gujarat,DR. MANSUKH MANDAVIYA (2024-2029),Elected MP,,Porbandar,147000000.0,REAL_GOVT_PDF
LS153,153,Lok Sabha,Karnataka,DR. PRABHA MALLIKARJUN (2024-2029),Elected MP,,Davanagere,147000000.0,REAL_GOVT_PDF
LS154,154,Lok Sabha,Odisha,DR. PRADEEP KUMAR PANIGRAHY (2024-2029),Elected MP,,Berhampur,147000000.0,REAL_GOVT_PDF
LS155,155,Lok Sabha,Maharashtra,DR. PRASHANT YADAORAO PADOLE (2024-2029),Elected MP,,Bhandara-Gondiya,159680283.39,REAL_GOVT_PDF
LS156,156,Lok Sabha,Punjab,DR. RAJ KUMAR CHABBEWAL (2024-2029),Elected MP,,Hoshiarpur(Sc),147000000.0,REAL_GOVT_PDF
LS157,157,Lok Sabha,Madhya Pradesh,DR. RAJESH MISHRA (2024-2029),Elected MP,,Sidhi,262724510.35,REAL_GOVT_PDF
LS158,158,Lok Sabha,Uttar Pradesh,DR. S P SINGH (2024-2029),Elected MP,,Pratapgarh,147000000.0,REAL_GOVT_PDF
LS159,159,Lok Sabha,West Bengal,DR. SHARMILA SARKAR (2024-2029),Elected MP,,Bardhaman Purba(Sc),147000000.0,REAL_GOVT_PDF
LS160,160,Lok Sabha,Karnataka,DR.K.SUDHAKAR (2024-2029),Elected MP,,Chikballapur,147000000.0,REAL_GOVT_PDF
LS161,161,Lok Sabha,Telangana,DR.MALLU RAVI (2024-2029),Elected MP,,Nagarkurnool(Sc),147000000.0,REAL_GOVT_PDF
LS162,162,Lok Sabha,Jharkhand,DULU MAHATO (2024-2029),Elected MP,,Dhanbad,147000000.0,REAL_GOVT_PDF
LS163,163,Lok Sabha,Tamil Nadu,DURAI VAIKO (2024-2029),Elected MP,,Tiruchirappalli,147000000.0,REAL_GOVT_PDF
LS164,164,Lok Sabha,Madhya Pradesh,Durga Das Uikey (2024-2029),Elected MP,,Betul(St),151569502.91,REAL_GOVT_PDF
LS165,165,Lok Sabha,Rajasthan,Dushyant Singh (2024-2029),Elected MP,,Jhalawar-Baran,147000000.0,REAL_GOVT_PDF
LS166,166,Lok Sabha,Karnataka,E. TUKARAM (2024-2029),Elected MP,,Bellary(St),147000000.0,REAL_GOVT_PDF
LS167,167,Lok Sabha,Kerala,E.T. MOHAMMED BASHEER (2024-2029),Elected MP,,Malappuram,163895872.11,REAL_GOVT_PDF
LS168,168,Lok Sabha,Telangana,EATALA RAJENDER (2024-2029),Elected MP,,Malkajgiri,327477390.86,REAL_GOVT_PDF
LS169,169,Lok Sabha,Tamil Nadu,ESWARASAMY K (2024-2029),Elected MP,,Pollachi,162315106.11,REAL_GOVT_PDF
LS170,170,Lok Sabha,Madhya Pradesh,Faggan Singh Kulaste (2024-2029),Elected MP,,Mandla(St),151861648.41,REAL_GOVT_PDF
LS171,171,Lok Sabha,Karnataka,G. KUMAR NAIK (2024-2029),Elected MP,,Raichur(St),147000000.0,REAL_GOVT_PDF
LS172,172,Lok Sabha,Maharashtra,GAIKWAD VARSHA EKNATH (2024-2029),Elected MP,,Mumbai North-Central,147000000.0,REAL_GOVT_PDF
LS173,173,Lok Sabha,Madhya Pradesh,Gajendra Singh Patel (2024-2029),Elected MP,,Khargone(St),147000000.0,REAL_GOVT_PDF
LS174,174,Lok Sabha,Rajasthan,Gajendra Singh Shekhawat (2024-2029),Elected MP,,Jodhpur,147000000.0,REAL_GOVT_PDF
LS175,175,Lok Sabha,Tamil Nadu,GANAPATHY RAJKUMAR P (2024-2029),Elected MP,,Coimbatore,147370490.11,REAL_GOVT_PDF
LS176,176,Lok Sabha,Tamil Nadu,Ganesan Selvam (2024-2029),Elected MP,,Kancheepuram(Sc),186508749.11,REAL_GOVT_PDF
LS177,177,Lok Sabha,Madhya Pradesh,Ganesh Singh (2024-2029),Elected MP,,Satna,147000000.0,REAL_GOVT_PDF
LS178,178,Lok Sabha,Assam,GAURAV GOGOI (2024-2029),Elected MP,,Jorhat,147000000.0,REAL_GOVT_PDF
LS179,179,Lok Sabha,Gujarat,GENIBEN NAGAJI THAKOR (2024-2029),Elected MP,,Banaskantha,147000000.0,REAL_GOVT_PDF
LS180,180,Lok Sabha,Bihar,Giridhari Yadav (2024-2029),Elected MP,,Banka,147000000.0,REAL_GOVT_PDF
LS181,181,Lok Sabha,Bihar,Giriraj Singh (2024-2029),Elected MP,,Begusarai,147000000.0,REAL_GOVT_PDF
LS182,182,Lok Sabha,Andhra Pradesh,GM Harish Balayogi (2024-2029),Elected MP,,Amalapuram(Sc),147000000.0,REAL_GOVT_PDF
LS183,183,Lok Sabha,Telangana,GODAM NAGESH (2024-2029),Elected MP,,Adilabad(St),147000000.0,REAL_GOVT_PDF
LS184,184,Lok Sabha,Tamil Nadu,GOPINATH K (2024-2029),Elected MP,,Krishnagiri,147000000.0,REAL_GOVT_PDF
LS185,185,Lok Sabha,Karnataka,GOVIND MAKTHAPPA KARJOL (2024-2029),Elected MP,,Chitradurga(Sc),147000000.0,REAL_GOVT_PDF
LS186,186,Lok Sabha,Andhra Pradesh,Gumma Thanuja Rani (2024-2029),Elected MP,,Araku(St),149458905.11,REAL_GOVT_PDF
LS187,187,Lok Sabha,Punjab,GURMEET SINGH MEET HAYER (2024-2029),Elected MP,,Sangrur,147000000.0,REAL_GOVT_PDF
LS188,188,Lok Sabha,Madhya Pradesh,Gyaneshwar Patil (2024-2029),Elected MP,,Khandwa,155690684.77,REAL_GOVT_PDF
LS189,189,Lok Sabha,Karnataka,H.D. KUMARASWAMY (2024-2029),Elected MP,,Mandya,147000000.0,REAL_GOVT_PDF
LS190,190,Lok Sabha,Uttar Pradesh,HARENDRA SINGH MALIK (2024-2029),Elected MP,,Muzaffarnagar,147000000.0,REAL_GOVT_PDF
LS191,191,Lok Sabha,Gujarat,HARIBHAI PATEL (2024-2029),Elected MP,,Mahesana,147000000.0,REAL_GOVT_PDF
LS192,192,Lok Sabha,Rajasthan,HARISH CHANDRA MEENA (2024-2029),Elected MP,,Tonk-Sawai Madhopur,147000000.0,REAL_GOVT_PDF
LS193,193,Lok Sabha,Delhi,Harsh Malhotra (2024-2029),Elected MP,,East Delhi,147134131.0,REAL_GOVT_PDF
LS194,194,Lok Sabha,Gujarat,Hasmukh Bhai Soma Bhai Patel (2024-2029),Elected MP,,Ahmedabad East,147000000.0,REAL_GOVT_PDF
LS195,195,Lok Sabha,Uttar Pradesh,IMRAN MASOOD (2024-2029),Elected MP,,Saharanpur,147000000.0,REAL_GOVT_PDF
LS196,196,Lok Sabha,Sikkim,Indra Hang Subba (2024-2029),Elected MP,,Sikkim,152003923.11,REAL_GOVT_PDF
LS197,197,Lok Sabha,Uttar Pradesh,IQRA CHOUDHARY (2024-2029),Elected MP,,Kairana,147000000.0,REAL_GOVT_PDF
LS198,198,Lok Sabha,West Bengal,ISHA KHAN CHOUDHURY (2024-2029),Elected MP,,Maldaha Dakshin,147000000.0,REAL_GOVT_PDF
LS199,199,Lok Sabha,West Bengal,JAGADISH CHANDRA BARMA BASUNIA (2024-2029),Elected MP,,Coochbehar(Sc),168604641.11,REAL_GOVT_PDF
LS200,200,Lok Sabha,Karnataka,JAGADISH SHETTAR (2024-2029),Elected MP,,Belgaum,147000000.0,REAL_GOVT_PDF
LS201,201,Lok Sabha,West Bengal,Jagannath Sarkar (2024-2029),Elected MP,,Ranaghat(Sc),147000000.0,REAL_GOVT_PDF
LS202,202,Lok Sabha,Uttar Pradesh,Jagdambika Pal (2024-2029),Elected MP,,Domariyaganj,160643957.11,REAL_GOVT_PDF
LS203,203,Lok Sabha,Haryana,JAI PARKASH (2024-2029),Elected MP,,Hisar,147000000.0,REAL_GOVT_PDF
LS204,204,Lok Sabha,Uttar Pradesh,Jai Prakash (2024-2029),Elected MP,,Hardoi (Sc),147000000.0,REAL_GOVT_PDF
LS205,205,Lok Sabha,Madhya Pradesh,Janardan Mishra (2024-2029),Elected MP,,Rewa,147000000.0,REAL_GOVT_PDF
LS206,206,Lok Sabha,Gujarat,JASHUBHAI BHILUBHAI RATHVA (2024-2029),Elected MP,,Chhota Udaipur(St),147000000.0,REAL_GOVT_PDF
LS207,207,Lok Sabha,Gujarat,Jaswantsinh Sumanbhai Bhabhor (2024-2029),Elected MP,,Dahod(St),147000000.0,REAL_GOVT_PDF
LS208,208,Lok Sabha,Bihar,JITAN RAM MANJHI (2024-2029),Elected MP,,Gaya (Sc),147000000.0,REAL_GOVT_PDF
LS209,209,Lok Sabha,Uttar Pradesh,JITENDRA KUMAR DOHARE (2024-2029),Elected MP,,Etawah(Sc),188747306.26,REAL_GOVT_PDF
LS210,210,Lok Sabha,Jammu And Kashmir,Jitendra Singh (2024-2029),Elected MP,,Udhampur,147000000.0,REAL_GOVT_PDF
LS211,211,Lok Sabha,Uttar Pradesh,JITIN PRASADA (2024-2029),Elected MP,,Pilibhit,147000000.0,REAL_GOVT_PDF
LS212,212,Lok Sabha,Jharkhand,JOBA MAJHI (2024-2029),Elected MP,,Singhbhum(St),147000000.0,REAL_GOVT_PDF
LS213,213,Lok Sabha,Assam,JOYANTA BASUMATARY (2024-2029),Elected MP,,Kokrajhar (St),147000000.0,REAL_GOVT_PDF
LS214,214,Lok Sabha,West Bengal,JUNE MALIAH (2024-2029),Elected MP,,Medinipur,147000000.0,REAL_GOVT_PDF
LS215,215,Lok Sabha,Madhya Pradesh,JYOTIRADITYA M. SCINDIA (2024-2029),Elected MP,,Guna,147000000.0,REAL_GOVT_PDF
LS216,216,Lok Sabha,Chhattisgarh,Jyotsna Charandas Mahant (2024-2029),Elected MP,,Korba,155153738.11,REAL_GOVT_PDF
LS217,217,Lok Sabha,Tamil Nadu,K E PRAKASH (2024-2029),Elected MP,,Erode,147000000.0,REAL_GOVT_PDF
LS218,218,Lok Sabha,Kerala,K RADHAKRISHNAN (2024-2029),Elected MP,,Alathur(Sc),147000000.0,REAL_GOVT_PDF
LS219,219,Lok Sabha,Tamil Nadu,K Subbarayan (2024-2029),Elected MP,,Tiruppur,147000000.0,REAL_GOVT_PDF
LS220,220,Lok Sabha,Kerala,K. C VENUGOPAL (2024-2029),Elected MP,,Alappuzha,147000000.0,REAL_GOVT_PDF
LS221,221,Lok Sabha,Karnataka,K. RAJASHEKAR BASAVARAJ HITNAL (2024-2029),Elected MP,,Koppal,147000000.0,REAL_GOVT_PDF
LS222,222,Lok Sabha,Telangana,KADIYAM KAVYA (2024-2029),Elected MP,,Warangel(Sc),147000000.0,REAL_GOVT_PDF
LS223,223,Lok Sabha,West Bengal,Kakoli Ghosh Dastidar (2024-2029),Elected MP,,Barasat,147000000.0,REAL_GOVT_PDF
LS224,224,Lok Sabha,Dadra And Nagar Haveli And Daman And Diu,Kalaben Mohanbhai Delkar,Elected MP,2024-2029,,269500000.0,REAL_GOVT_PDF
LS225,225,Lok Sabha,Tamil Nadu,Kalanidhi Veeraswamy (2024-2029),Elected MP,,Chennai North,171500000.0,REAL_GOVT_PDF
LS226,226,Lok Sabha,Jharkhand,KALI CHARAN MUNDA (2024-2029),Elected MP,,Khunti(St),147000000.0,REAL_GOVT_PDF
LS227,227,Lok Sabha,Jharkhand,KALI CHARAN SINGH (2024-2029),Elected MP,,Chatra,147000000.0,REAL_GOVT_PDF
LS228,228,Lok Sabha,West Bengal,KALIPADA SAREN (2024-2029),Elected MP,,Jhargram(St),147000000.0,REAL_GOVT_PDF
LS229,229,Lok Sabha,West Bengal,Kalyan Banerjee (2024-2029),Elected MP,,Sreerampur,147000000.0,REAL_GOVT_PDF
LS230,230,Lok Sabha,Maharashtra,KALYAN VAIJINATHRAO KALE (2024-2029),Elected MP,,Jalna,147000000.0,REAL_GOVT_PDF
LS231,231,Lok Sabha,Assam,KAMAKHYA PRASAD TASA (2024-2029),Elected MP,,Kaziranga,147000000.0,REAL_GOVT_PDF
LS232,232,Lok Sabha,Delhi,Kamaljeet Sehrawat (2024-2029),Elected MP,,West Delhi,147000000.0,REAL_GOVT_PDF
LS233,233,Lok Sabha,Chhattisgarh,KAMLESH JANGDE (2024-2029),Elected MP,,Janjgir Champa(Sc),150384382.11,REAL_GOVT_PDF
LS234,234,Lok Sabha,Uttar Pradesh,Kamlesh Paswan (2024-2029),Elected MP,,Bansgaon(Sc),147000000.0,REAL_GOVT_PDF
LS235,235,Lok Sabha,Himachal Pradesh,Kangana Ranaut (2024-2029),Elected MP,,Mandi,147000000.0,REAL_GOVT_PDF
LS236,236,Lok Sabha,Tamil Nadu,Kani K Navas (2024-2029),Elected MP,,Ramanathapuram,147000000.0,REAL_GOVT_PDF
LS237,237,Lok Sabha,Tamil Nadu,Kanimozhi Karunanidhi (2024-2029),Elected MP,,Thoothukkudi,147000000.0,REAL_GOVT_PDF
LS238,238,Lok Sabha,Uttar Pradesh,KANWAR SINGH TANWAR (2024-2029),Elected MP,,Amroha,147000000.0,REAL_GOVT_PDF
LS239,239,Lok Sabha,Uttar Pradesh,KARAN BHUSHAN SINGH (2024-2029),Elected MP,,Kaiserganj,147000000.0,REAL_GOVT_PDF
LS240,240,Lok Sabha,West Bengal,KARTICK CHANDRA PAUL (2024-2029),Elected MP,,Raiganj,202677986.56,REAL_GOVT_PDF
LS241,241,Lok Sabha,Bihar,Kaushalendra Kumar (2024-2029),Elected MP,,Nalanda,147000000.0,REAL_GOVT_PDF
LS242,242,Lok Sabha,West Bengal,Khagen Murmu (2024-2029),Elected MP,,Maldaha Uttar,147000000.0,REAL_GOVT_PDF
LS243,243,Lok Sabha,West Bengal,Khalilur Rahaman (2024-2029),Elected MP,,Jangipur,147000000.0,REAL_GOVT_PDF
LS244,244,Lok Sabha,Andhra Pradesh,Kinjarapu Ram Mohan Naidu (2024-2029),Elected MP,,Srikakulam,171200630.11,REAL_GOVT_PDF
LS245,245,Lok Sabha,Arunachal Pradesh,Kiren Rijiju (2024-2029),Elected MP,,Arunachal West,147000000.0,REAL_GOVT_PDF
LS246,246,Lok Sabha,Uttar Pradesh,Kirti Vardhan Singh (2024-2029),Elected MP,,Gonda,147000000.0,REAL_GOVT_PDF
LS247,247,Lok Sabha,Telangana,Kishan Reddy Gangapuram (2024-2029),Elected MP,,Secunderabad,147000000.0,REAL_GOVT_PDF
LS248,248,Lok Sabha,Uttar Pradesh,KISHORI LAL (2024-2029),Elected MP,,Amethi,171500000.0,REAL_GOVT_PDF
LS249,249,Lok Sabha,Telangana,KONDA VISHWESHWAR REDDY (2024-2029),Elected MP,,Chelvella,233721420.96,REAL_GOVT_PDF
LS250,250,Lok Sabha,Karnataka,KOTA SRINIVAS POOJARY (2024-2029),Elected MP,,Udupi Chikmagalur,147000000.0,REAL_GOVT_PDF
LS251,251,Lok Sabha,Assam,Kripanath Mallah (2024-2029),Elected MP,,Karimganj (Sc),147000000.0,REAL_GOVT_PDF
LS252,252,Lok Sabha,Haryana,Krishan Pal Gurjar (2024-2029),Elected MP,,Faridabad,147000000.0,REAL_GOVT_PDF
LS253,253,Lok Sabha,Uttar Pradesh,KRISHNA DEVI SHIVSHANKER PATEL (2024-2029),Elected MP,,Banda,147000000.0,REAL_GOVT_PDF
LS254,254,Lok Sabha,Andhra Pradesh,Krishna Prasad Tenneti (2024-2029),Elected MP,,Bapatla,167796849.11,REAL_GOVT_PDF
LS255,255,Lok Sabha,Tripura,KRITI DEVI DEBBARMAN (2024-2029),Elected MP,,Tripura East(St),147000000.0,REAL_GOVT_PDF
LS256,256,Lok Sabha,Rajasthan,KULDEEP INDORA (2024-2029),Elected MP,,Ganganagar(Sc),147000000.0,REAL_GOVT_PDF
LS257,257,Lok Sabha,Telangana,KUNDURU RAGHUVEER (2024-2029),Elected MP,,Nalgonda,162952022.0,REAL_GOVT_PDF
LS258,258,Lok Sabha,Uttar Pradesh,LALJI VERMA (2024-2029),Elected MP,,Ambedkar Nagar,147000000.0,REAL_GOVT_PDF
LS259,259,Lok Sabha,Andhra Pradesh,Lavu Sri Krishna Devarayalu (2024-2029),Elected MP,,Narasaraopet,174009663.11,REAL_GOVT_PDF
LS260,260,Lok Sabha,Uttar Pradesh,LAXMIKANT PAPPU NISHAD (2024-2029),Elected MP,,Sant Kabir Nagar,147000000.0,REAL_GOVT_PDF
LS261,261,Lok Sabha,Bihar,LOVELY ANAND (2024-2029),Elected MP,,Sheohar,147000000.0,REAL_GOVT_PDF
LS262,262,Lok Sabha,Rajasthan,LUMBARAM (2024-2029),Elected MP,,Jalore,147000000.0,REAL_GOVT_PDF
LS263,263,Lok Sabha,Karnataka,M. MALLESH BABU (2024-2029),Elected MP,,Kolar(Sc),147065957.11,REAL_GOVT_PDF
LS264,264,Lok Sabha,Tamil Nadu,M.K. VISHNUPRASAD (2024-2029),Elected MP,,Cuddalore,147000000.0,REAL_GOVT_PDF
LS265,265,Lok Sabha,Andhra Pradesh,Maddila Gurumoorthy (2024-2029),Elected MP,,Tirupati(Sc),180399007.0,REAL_GOVT_PDF
LS266,266,Lok Sabha,Telangana,MADHAVANENI RAGHUNANDAN RAO (2024-2029),Elected MP,,Medak,147000000.0,REAL_GOVT_PDF
LS267,267,Lok Sabha,Andhra Pradesh,Magunta Sreenivasulu Reddy (2024-2029),Elected MP,,Ongole,147000000.0,REAL_GOVT_PDF
LS268,268,Lok Sabha,Madhya Pradesh,Mahendra Singh Solanky (2024-2029),Elected MP,,Dewas(Sc),147000000.0,REAL_GOVT_PDF
LS269,269,Lok Sabha,Chhattisgarh,MAHESH KASHYAP (2024-2029),Elected MP,,Bastar(St),147000000.0,REAL_GOVT_PDF
LS270,270,Lok Sabha,Uttar Pradesh,Mahesh Sharma (2024-2029),Elected MP,,Gautam Buddha Nagar,148816284.11,REAL_GOVT_PDF
LS271,271,Lok Sabha,Rajasthan,MAHIMA KUMARI MEWAR (2024-2029),Elected MP,,Rajsamand,183892143.0,REAL_GOVT_PDF
LS272,272,Lok Sabha,Uttarakhand,Mala Rajya Laxmi Shah (2024-2029),Elected MP,,Tehri Garhwal,147000000.0,REAL_GOVT_PDF
LS273,273,Lok Sabha,West Bengal,Mala Roy (2024-2029),Elected MP,,Kolkata Dakshin,147000000.0,REAL_GOVT_PDF
LS274,274,Lok Sabha,Tamil Nadu,MALAIYARASAN D (2024-2029),Elected MP,,Kallakurichi,201599593.0,REAL_GOVT_PDF
LS275,275,Lok Sabha,Odisha,MALVIKA DEVI (2024-2029),Elected MP,,Kalahandi,147000000.0,REAL_GOVT_PDF
LS276,276,Lok Sabha,Punjab,MALVINDER SINGH KANG (2024-2029),Elected MP,,Anandpur Sahib,147000000.0,REAL_GOVT_PDF
LS277,277,Lok Sabha,Tamil Nadu,MANI. A. (2024-2029),Elected MP,,Dharamapuri,164515071.11,REAL_GOVT_PDF
LS278,278,Lok Sabha,Tamil Nadu,Manickam Tagore B (2024-2029),Elected MP,,Virudhunagar,147000000.0,REAL_GOVT_PDF
LS279,279,Lok Sabha,Jharkhand,MANISH JAISWAL (2024-2029),Elected MP,,Hazaribagh,147000000.0,REAL_GOVT_PDF
LS280,280,Lok Sabha,Chandigarh,MANISH TEWARI (2024-2029),Elected MP,,Chandigarh,178351443.75,REAL_GOVT_PDF
LS281,281,Lok Sabha,Rajasthan,MANJU SHARMA (2024-2029),Elected MP,,Jaipur,167082901.11,REAL_GOVT_PDF
LS282,282,Lok Sabha,Rajasthan,MANNA LAL RAWAT (2024-2029),Elected MP,,Udaipur(St),147000000.0,REAL_GOVT_PDF
LS283,283,Lok Sabha,Haryana,MANOHAR LAL (2024-2029),Elected MP,,Karnal,147000000.0,REAL_GOVT_PDF
LS284,284,Lok Sabha,Bihar,MANOJ KUMAR (2024-2029),Elected MP,,Sasaram(Sc),147000000.0,REAL_GOVT_PDF
LS285,285,Lok Sabha,West Bengal,MANOJ TIGGA (2024-2029),Elected MP,,Alipurduars(St),147000000.0,REAL_GOVT_PDF
LS286,286,Lok Sabha,Delhi,Manoj Tiwari (2024-2029),Elected MP,,North East Delhi,225843858.0,REAL_GOVT_PDF
LS287,287,Lok Sabha,Gujarat,Mansukhbhai Dhanjibhai Vasava (2024-2029),Elected MP,,Bharuch,147000000.0,REAL_GOVT_PDF
LS288,288,Lok Sabha,Jammu And Kashmir,MIAN ALTAF AHMAD (2024-2029),Elected MP,,Anantnag,147000000.0,REAL_GOVT_PDF
LS289,289,Lok Sabha,Andhra Pradesh,Midhun Reddy (2024-2029),Elected MP,,Rajampet,178951477.11,REAL_GOVT_PDF
LS290,290,Lok Sabha,Bihar,MISHA BHARTI (2024-2029),Elected MP,,Pataliputra,147000000.0,REAL_GOVT_PDF
LS291,291,Lok Sabha,Gujarat,Mitesh Rameshbhai Bakabhai Patel (2024-2029),Elected MP,,Anand,147000000.0,REAL_GOVT_PDF
LS292,292,Lok Sabha,Ladakh,Mohamed Haneefa (2024-2029),Elected MP,,Ladakh,161114542.0,REAL_GOVT_PDF
LS293,293,Lok Sabha,Uttar Pradesh,MOHIBBULLAH (2024-2029),Elected MP,,Rampur,147000000.0,REAL_GOVT_PDF
LS294,294,Lok Sabha,Maharashtra,MOHITE PATIL DHAIRYASHEEL RAJSINH (2024-2029),Elected MP,,Madha,195613601.7,REAL_GOVT_PDF
LS295,295,Lok Sabha,Bihar,Mr Gopal Jee Thakur (2024-2029),Elected MP,,Darbhanga,147000000.0,REAL_GOVT_PDF
LS296,296,Lok Sabha,West Bengal,Ms Mahua Moitra (2024-2029),Elected MP,,Krishnanagar,159865046.0,REAL_GOVT_PDF
LS297,297,Lok Sabha,Lakshadweep,MUHAMMED HAMDULLAH SAYEED (2024-2029),Elected MP,,Lakshadweep(St),153942460.41,REAL_GOVT_PDF
LS298,298,Lok Sabha,Uttar Pradesh,Mukesh Rajput (2024-2029),Elected MP,,Farrukhabad,147000000.0,REAL_GOVT_PDF
LS299,299,Lok Sabha,Gujarat,MUKESHKUMAR CHANDRAKAANT DALAL (2024-2029),Elected MP,,Surat,147000000.0,REAL_GOVT_PDF
LS300,300,Lok Sabha,Rajasthan,MURARI LAL MEENA (2024-2029),Elected MP,,Dausa(St),147000000.0,REAL_GOVT_PDF
LS301,301,Lok Sabha,Tamil Nadu,MURASOLI S (2024-2029),Elected MP,,Thanjavur,147000000.0,REAL_GOVT_PDF
LS302,302,Lok Sabha,Maharashtra,MURLIDHAR MOHOL (2024-2029),Elected MP,,Pune,147000000.0,REAL_GOVT_PDF
LS303,303,Lok Sabha,Odisha,NABA CHARAN MAJHI (2024-2029),Elected MP,,Mayurbhanj (St),147563957.11,REAL_GOVT_PDF
LS304,304,Lok Sabha,Jharkhand,NALIN SOREN (2024-2029),Elected MP,,Dumka(St),147364097.11,REAL_GOVT_PDF
LS305,305,Lok Sabha,Uttar Pradesh,NARAYAN DAS AHIRWAR (2024-2029),Elected MP,,Jalaun(Sc),147000000.0,REAL_GOVT_PDF
LS306,306,Lok Sabha,Maharashtra,NARAYAN TATU RANE (2024-2029),Elected MP,,Ratnagiri-Sindhudurg,147000000.0,REAL_GOVT_PDF
LS307,307,Lok Sabha,Uttar Pradesh,NARESH CHANDRA UTTAM PATEL (2024-2029),Elected MP,,Fatehpur,147000000.0,REAL_GOVT_PDF
LS308,308,Lok Sabha,Maharashtra,NARESH GANPAT MHASKE (2024-2029),Elected MP,,Thane,147000000.0,REAL_GOVT_PDF
LS309,309,Lok Sabha,Haryana,NAVEEN JINDAL (2024-2029),Elected MP,,Kurukshetra,147000000.0,REAL_GOVT_PDF
LS310,310,Lok Sabha,Uttar Pradesh,NEERAJ MAURYA (2024-2029),Elected MP,,Aonla,147000000.0,REAL_GOVT_PDF
LS311,311,Lok Sabha,Maharashtra,NILESH DNYANDEV LANKE (2024-2029),Elected MP,,Ahmednagar,147000000.0,REAL_GOVT_PDF
LS312,312,Lok Sabha,Gujarat,NIMUBEN JAYANTIBHAI BAMBHANIYA (2024-2029),Elected MP,,Bhavnagar,147000000.0,REAL_GOVT_PDF
LS313,313,Lok Sabha,Jharkhand,Nishikant Dubey (2024-2029),Elected MP,,Godda,147000000.0,REAL_GOVT_PDF
LS314,314,Lok Sabha,Maharashtra,Nitin Jairam Gadkari (2024-2029),Elected MP,,Nagpur,168195086.11,REAL_GOVT_PDF
LS315,315,Lok Sabha,Bihar,Nityanand Rai (2024-2029),Elected MP,,Ujjarpur,147000000.0,REAL_GOVT_PDF
LS316,316,Lok Sabha,Rajasthan,Om Birla (2024-2029),Elected MP,,Kota,163906956.6,REAL_GOVT_PDF
LS317,317,Lok Sabha,Maharashtra,Omprakash Bhupalsinh Alias Pawan Rajenimbalkar (2024-2029),Elected MP,,Osmanabad,184758519.11,REAL_GOVT_PDF
LS318,318,Lok Sabha,Karnataka,P C Mohan (2024-2029),Elected MP,,Bangalore Central,159995711.11,REAL_GOVT_PDF
LS319,319,Lok Sabha,Uttar Pradesh,Pankaj Chowdhary (2024-2029),Elected MP,,Maharajganj_Up,147000000.0,REAL_GOVT_PDF
LS320,320,Lok Sabha,Assam,PARIMAL SUKLABAIDYA (2024-2029),Elected MP,,Silchar,148300157.11,REAL_GOVT_PDF
LS321,321,Lok Sabha,Gujarat,PARSHOTTAMBHAI RUPALA (2024-2029),Elected MP,,Rajkot,147000000.0,REAL_GOVT_PDF
LS322,322,Lok Sabha,West Bengal,PARTHA BHOWMICK (2024-2029),Elected MP,,Barrackpur,147000000.0,REAL_GOVT_PDF
LS323,323,Lok Sabha,Karnataka,Parvatagouda Chandanagouda Gaddigoudar (2024-2029),Elected MP,,Bagalkot,167541747.11,REAL_GOVT_PDF
LS324,324,Lok Sabha,Dadra And Nagar Haveli And Daman And Diu,PATEL UMESHBHAI BABUBHAI,Elected MP,2024-2029,,245063957.0,REAL_GOVT_PDF
LS325,325,Lok Sabha,West Bengal,PATHAN YUSUF (2024-2029),Elected MP,,Baharampur,147000000.0,REAL_GOVT_PDF
LS326,326,Lok Sabha,Assam,PHANI BHUSAN CHOUDHURY (2024-2029),Elected MP,,Barpeta,147000000.0,REAL_GOVT_PDF
LS327,327,Lok Sabha,Maharashtra,Piyush Vedprakash Goyal (2024-2029),Elected MP,,Mumbai North,147000000.0,REAL_GOVT_PDF
LS328,328,Lok Sabha,Andhra Pradesh,PRABHAKAR REDDY VEMIREDDY (2024-2029),Elected MP,,Nellore(Sc),147000000.0,REAL_GOVT_PDF
LS329,329,Lok Sabha,Gujarat,Prabhubhai Nagarbhai Vasava (2024-2029),Elected MP,,Bardoli(St),147000000.0,REAL_GOVT_PDF
LS330,330,Lok Sabha,Assam,Pradan Baruah (2024-2029),Elected MP,,Lakhimpur,147000000.0,REAL_GOVT_PDF
LS331,331,Lok Sabha,Bihar,Pradeep Kumar Singh (2024-2029),Elected MP,,Araria,147000000.0,REAL_GOVT_PDF
LS332,332,Lok Sabha,Odisha,PRADEEP PUROHIT (2024-2029),Elected MP,,Bargarh,147000000.0,REAL_GOVT_PDF
LS333,333,Lok Sabha,Assam,Pradyut Bordoloi (2024-2029),Elected MP,,Nowgong,98000000.0,REAL_GOVT_PDF
LS334,334,Lok Sabha,Karnataka,Pralhad Venkatesh Joshi (2024-2029),Elected MP,,Dharwad,147000000.0,REAL_GOVT_PDF
LS335,335,Lok Sabha,Maharashtra,PRANITI SUSHILKUMAR SHINDE (2024-2029),Elected MP,,Solapur(Sc),147000000.0,REAL_GOVT_PDF
LS336,336,Lok Sabha,West Bengal,Prasun Banerjee (2024-2029),Elected MP,,Howrah,147000000.0,REAL_GOVT_PDF
LS337,337,Lok Sabha,Odisha,Pratap Chandra Sarangi (2024-2029),Elected MP,,Balasore,147064254.11,REAL_GOVT_PDF
LS338,338,Lok Sabha,Maharashtra,Prataprao Jadhav (2024-2029),Elected MP,,Buldhana,147000000.0,REAL_GOVT_PDF
LS339,339,Lok Sabha,West Bengal,Pratima Mondal (2024-2029),Elected MP,,Joynagar(Sc),147000000.0,REAL_GOVT_PDF
LS340,340,Lok Sabha,Delhi,Praveen Khandelwal (2024-2029),Elected MP,,Chandini Chowk,147470276.0,REAL_GOVT_PDF
LS341,341,Lok Sabha,Uttar Pradesh,PRAVEEN PATEL (2024-2029),Elected MP,,Phulpur,151559884.09,REAL_GOVT_PDF
LS342,342,Lok Sabha,Uttar Pradesh,PRIYA SAROJ (2024-2029),Elected MP,,Machhlishahr(Sc),147000000.0,REAL_GOVT_PDF
LS343,343,Lok Sabha,Kerala,Priyanka Gandhi Vadra (2024-2029),Elected MP,,Wayanad,122500000.0,REAL_GOVT_PDF
LS344,344,Lok Sabha,Karnataka,PRIYANKA SATISH JARKIHOLI (2024-2029),Elected MP,,Chikkodi,147000000.0,REAL_GOVT_PDF
LS345,345,Lok Sabha,West Bengal,Prof Sougata Ray (2024-2029),Elected MP,,Dum Dum,147000000.0,REAL_GOVT_PDF
LS346,346,Lok Sabha,Uttar Pradesh,Prof SP Singh Baghel (2024-2029),Elected MP,,Agra(Sc),147000000.0,REAL_GOVT_PDF
LS347,347,Lok Sabha,Uttar Pradesh,PUSHPENDRA SAROJ (2024-2029),Elected MP,,Kaushambi(Sc),147000000.0,REAL_GOVT_PDF
LS348,348,Lok Sabha,Andhra Pradesh,Putta Mahesh Kumar (2024-2029),Elected MP,,Eluru,147000000.0,REAL_GOVT_PDF
LS349,349,Lok Sabha,Uttar Pradesh,R.K. CHAUDHARY (2024-2029),Elected MP,,Mohanlalganj(Sc),147000000.0,REAL_GOVT_PDF
LS350,350,Lok Sabha,Odisha,RABINDRA NARAYAN BEHERA (2024-2029),Elected MP,,Jajpur(Sc),147064617.11,REAL_GOVT_PDF
LS351,351,Lok Sabha,West Bengal,RACHNA BANERJEE (2024-2029),Elected MP,,Hooghly,147000000.0,REAL_GOVT_PDF
LS352,352,Lok Sabha,Bihar,Radha Mohan Singh (2024-2029),Elected MP,,Purvi Champaran,147000000.0,REAL_GOVT_PDF
LS353,353,Lok Sabha,Karnataka,RADHAKRISHNA (2024-2029),Elected MP,,Gulbarga(Sc),147000000.0,REAL_GOVT_PDF
LS354,354,Lok Sabha,Chhattisgarh,RADHE SHYAM RATHIYA (2024-2029),Elected MP,,Raigarh(St),159706972.09,REAL_GOVT_PDF
LS355,355,Lok Sabha,Uttar Pradesh,RAHUL GANDHI (2024-2029),Elected MP,,Rae Bareli,147000000.0,REAL_GOVT_PDF
LS356,356,Lok Sabha,Rajasthan,Rahul Kaswan (2024-2029),Elected MP,,Churu,147000000.0,REAL_GOVT_PDF
LS357,357,Lok Sabha,Madhya Pradesh,RAHUL SINGH LODHI (2024-2029),Elected MP,,Damoh,163058785.37,REAL_GOVT_PDF
LS358,358,Lok Sabha,Bihar,RAJ BHUSHAN CHOUDHARY (2024-2029),Elected MP,,Muzaffarpur,147000000.0,REAL_GOVT_PDF
LS359,359,Lok Sabha,Rajasthan,RAJ KUMAR ROAT (2024-2029),Elected MP,,Banswara(St),147000000.0,REAL_GOVT_PDF
LS360,360,Lok Sabha,Bihar,RAJA RAM SINGH (2024-2029),Elected MP,,Karakat,147000000.0,REAL_GOVT_PDF
LS361,361,Lok Sabha,Maharashtra,RAJABHAU (2024-2029),Elected MP,,Nashik,152878682.11,REAL_GOVT_PDF
LS362,362,Lok Sabha,Himachal Pradesh,RAJEEV BHARDWAJ (2024-2029),Elected MP,,Kangra,179388967.11,REAL_GOVT_PDF
LS363,363,Lok Sabha,Uttar Pradesh,RAJEEV RAI (2024-2029),Elected MP,,Ghosi,147000000.0,REAL_GOVT_PDF
LS364,364,Lok Sabha,Bihar,RAJESH RANJAN ALIAS PAPPU YADAV (2024-2029),Elected MP,,Purnea,147000000.0,REAL_GOVT_PDF
LS365,365,Lok Sabha,Bihar,RAJESH VERMA (2024-2029),Elected MP,,Khagaria,147000000.0,REAL_GOVT_PDF
LS366,366,Lok Sabha,Gujarat,Rajeshbhai Naranbhai Chudasama (2024-2029),Elected MP,,Junagadh,147000000.0,REAL_GOVT_PDF
LS367,367,Lok Sabha,Bihar,Rajiv Pratap Rudy (2024-2029),Elected MP,,Saran,147000000.0,REAL_GOVT_PDF
LS368,368,Lok Sabha,Bihar,Rajiv Ranjan (Lalan) Singh (2024-2029),Elected MP,,Munger,147000000.0,REAL_GOVT_PDF
LS369,369,Lok Sabha,Uttar Pradesh,Rajkumar Chahar (2024-2029),Elected MP,,Fatehpur Sikri,147000000.0,REAL_GOVT_PDF
LS370,370,Lok Sabha,Uttar Pradesh,Rajnath Singh (2024-2029),Elected MP,,Lucknow,154808797.11,REAL_GOVT_PDF
LS371,371,Lok Sabha,Gujarat,RAJPALSINH MAHENDRASINH JADAV (2024-2029),Elected MP,,Panchmahal,147000000.0,REAL_GOVT_PDF
LS372,372,Lok Sabha,West Bengal,Raju Bista (2024-2029),Elected MP,,Darjeeling,147000000.0,REAL_GOVT_PDF
LS373,373,Lok Sabha,Uttar Pradesh,RAKESH RATHOR (2024-2029),Elected MP,,Sitapur,147000000.0,REAL_GOVT_PDF
LS374,374,Lok Sabha,Assam,RAKIBUL HUSSAIN (2024-2029),Elected MP,,Dhubri,147000000.0,REAL_GOVT_PDF
LS375,375,Lok Sabha,Uttar Pradesh,RAM PRASAD CHAUDHARY (2024-2029),Elected MP,,Basti,204176957.11,REAL_GOVT_PDF
LS376,376,Lok Sabha,Uttar Pradesh,Ram Shiromani (2024-2029),Elected MP,,Shrawasti,151746878.11,REAL_GOVT_PDF
LS377,377,Lok Sabha,Telangana,RAMASAHAYAM RAGHURAM REDDY (2024-2029),Elected MP,,Khammam,147000000.0,REAL_GOVT_PDF
LS378,378,Lok Sabha,Uttar Pradesh,RAMASHANKAR RAJBHAR (2024-2029),Elected MP,,Salempur,160056927.07,REAL_GOVT_PDF
LS379,379,Lok Sabha,Uttar Pradesh,RAMBHUAL NISHAD (2024-2029),Elected MP,,Sultanpur,151231957.11,REAL_GOVT_PDF
LS380,380,Lok Sabha,Uttar Pradesh,RAMESH AWASTHI (2024-2029),Elected MP,,Kanpur,147000000.0,REAL_GOVT_PDF
LS381,381,Lok Sabha,Karnataka,Ramesh Chandappa Jigajinagi (2024-2029),Elected MP,,Bijapur(Sc),269500000.0,REAL_GOVT_PDF
LS382,382,Lok Sabha,Bihar,Ramprit Mandal (2024-2029),Elected MP,,Jhanjharpur,147000000.0,REAL_GOVT_PDF
LS383,383,Lok Sabha,Delhi,Ramvir Singh Bidhuri (2024-2029),Elected MP,,South Delhi,147559100.0,REAL_GOVT_PDF
LS384,384,Lok Sabha,Assam,RANJIT DUTTA (2024-2029),Elected MP,,Sonitpur,147000000.0,REAL_GOVT_PDF
LS385,385,Lok Sabha,Haryana,Rao Inderjit Singh (2024-2029),Elected MP,,Gurgaon,147000000.0,REAL_GOVT_PDF
LS386,386,Lok Sabha,Rajasthan,Rao Rajendra Singh (2024-2029),Elected MP,,Jaipur Rural,147000000.0,REAL_GOVT_PDF
LS387,387,Lok Sabha,Bihar,Ravi Shankar Prasad (2024-2029),Elected MP,,Patna Sahib,147000000.0,REAL_GOVT_PDF
LS388,388,Lok Sabha,Maharashtra,RAVINDRA DATTARAM WAIKAR (2024-2029),Elected MP,,Mumbai North West,147000000.0,REAL_GOVT_PDF
LS389,389,Lok Sabha,Uttar Pradesh,Ravindra Shyamnarayan Alias Ravi Kishan Shukla (2024-2029),Elected MP,,Gorakhpur,147000000.0,REAL_GOVT_PDF
LS390,390,Lok Sabha,Maharashtra,Ravindra Vasantrao Chavan (2024-2029),Elected MP,,Nanded,147000000.0,REAL_GOVT_PDF
LS391,391,Lok Sabha,Mizoram,RICHARD VANLALHMANGAIHA (2024-2029),Elected MP,,Mizoram (St),147000000.0,REAL_GOVT_PDF
LS392,392,Lok Sabha,Tamil Nadu,ROBERT BRUCE C (2024-2029),Elected MP,,Tirunelveli,147475440.11,REAL_GOVT_PDF
LS393,393,Lok Sabha,Madhya Pradesh,Rodmal Nagar (2024-2029),Elected MP,,Rajgarh,147000000.0,REAL_GOVT_PDF
LS394,394,Lok Sabha,Chhattisgarh,ROOP KUMARI CHOUDHARY (2024-2029),Elected MP,,Mahasamund,153035414.0,REAL_GOVT_PDF
LS395,395,Lok Sabha,Uttar Pradesh,RUCHI VIRA (2024-2029),Elected MP,,Moradabad,147000000.0,REAL_GOVT_PDF
LS396,396,Lok Sabha,Odisha,RUDRA NARAYAN PANY (2024-2029),Elected MP,,Dhenkanal,155013957.11,REAL_GOVT_PDF
LS397,397,Lok Sabha,Nagaland,S SUPONGMEREN JAMIR (2024-2029),Elected MP,,Nagaland,147000000.0,REAL_GOVT_PDF
LS398,398,Lok Sabha,Tamil Nadu,S Venkatesan (2024-2029),Elected MP,,Madurai,147000000.0,REAL_GOVT_PDF
LS399,399,Lok Sabha,Tamil Nadu,S. Jagathrakshakan (2024-2029),Elected MP,,Arakkonam,180589332.34,REAL_GOVT_PDF
LS400,400,Lok Sabha,Tamil Nadu,SACHITHANANTHAM R (2024-2029),Elected MP,,Dindigul,147000000.0,REAL_GOVT_PDF
LS401,401,Lok Sabha,Karnataka,SAGAR ESHWAR KHANDRE (2024-2029),Elected MP,,Bidar,147000000.0,REAL_GOVT_PDF
LS402,402,Lok Sabha,Meghalaya,SALENG A SANGMA (2024-2029),Elected MP,,Tura,147000000.0,REAL_GOVT_PDF
LS403,403,Lok Sabha,Odisha,SAMBIT PATRA (2024-2029),Elected MP,,Puri,147000000.0,REAL_GOVT_PDF
LS404,404,Lok Sabha,Uttar Pradesh,SANATAN PANDEY (2024-2029),Elected MP,,Ballia,180420041.4,REAL_GOVT_PDF
LS405,405,Lok Sabha,Maharashtra,SANJAY DINA PATIL (2024-2029),Elected MP,,Mumbai North East,147000000.0,REAL_GOVT_PDF
LS406,406,Lok Sabha,Maharashtra,Sanjay Haribhau Jadhav (2024-2029),Elected MP,,Parbhani,147000000.0,REAL_GOVT_PDF
LS407,407,Lok Sabha,Bihar,Sanjay Jaiswal (2024-2029),Elected MP,,Paschim Champaran,147000000.0,REAL_GOVT_PDF
LS408,408,Lok Sabha,Telangana,Sanjay Kumar Bandi (2024-2029),Elected MP,,Karimnagar,172775317.11,REAL_GOVT_PDF
LS409,409,Lok Sabha,Jharkhand,Sanjay Seth (2024-2029),Elected MP,,Ranchi,147064357.11,REAL_GOVT_PDF
LS410,410,Lok Sabha,Maharashtra,Sanjay Uttamrao Deshmukh (2024-2029),Elected MP,,Yavatmal-Washim,185640423.0,REAL_GOVT_PDF
LS411,411,Lok Sabha,Rajasthan,SANJNA JATAV (2024-2029),Elected MP,,Bharatpur(Sc),147000000.0,REAL_GOVT_PDF
LS412,412,Lok Sabha,Chhattisgarh,Santosh Pandey (2024-2029),Elected MP,,Rajnandgaon,147000000.0,REAL_GOVT_PDF
LS413,413,Lok Sabha,Odisha,Saptagiri Sankar Ulaka (2024-2029),Elected MP,,Koraput(St),269500000.0,REAL_GOVT_PDF
LS414,414,Lok Sabha,Punjab,SARABJEET SINGH KHALSA (2024-2029),Elected MP,,Faridkot(Sc),150850348.15,REAL_GOVT_PDF
LS415,415,Lok Sabha,Tamil Nadu,Sasikanth Senthil (2024-2029),Elected MP,,Tiruvallur(Sc),171500000.0,REAL_GOVT_PDF
LS416,416,Lok Sabha,Haryana,SATPAL BRAHAMCHARI (2024-2029),Elected MP,,Sonepat,147000000.0,REAL_GOVT_PDF
LS417,417,Lok Sabha,West Bengal,Saumitra khan (2024-2029),Elected MP,,Bishnupur(Sc),147000000.0,REAL_GOVT_PDF
LS418,418,Lok Sabha,Madhya Pradesh,SAVITRI THAKUR (2024-2029),Elected MP,,Dhar(St),147000000.0,REAL_GOVT_PDF
LS419,419,Lok Sabha,West Bengal,SAYANI GHOSH (2024-2029),Elected MP,,Jadavpur,147000000.0,REAL_GOVT_PDF
LS420,420,Lok Sabha,Haryana,SELJA (2024-2029),Elected MP,,Sirsa(Sc),147000000.0,REAL_GOVT_PDF
LS421,421,Lok Sabha,Tamil Nadu,SELVAGANAPATHI T M (2024-2029),Elected MP,,Salem,147000000.0,REAL_GOVT_PDF
LS422,422,Lok Sabha,Tamil Nadu,SELVARAJ V (2024-2029),Elected MP,,Nagapattinam(Sc),147000000.0,REAL_GOVT_PDF
LS423,423,Lok Sabha,Kerala,SHAFI PARAMBIL (2024-2029),Elected MP,,Vadakara,147000000.0,REAL_GOVT_PDF
LS424,424,Lok Sabha,Bihar,SHAMBHAVI (2024-2029),Elected MP,,Samastipur(Sc),147000000.0,REAL_GOVT_PDF
LS425,425,Lok Sabha,Madhya Pradesh,Shankar Lalwani (2024-2029),Elected MP,,Indore,147000000.0,REAL_GOVT_PDF
LS426,426,Lok Sabha,Uttar Pradesh,SHASHANK MANI (2024-2029),Elected MP,,Deoria,147000000.0,REAL_GOVT_PDF
LS427,427,Lok Sabha,West Bengal,Shatrughan Sinha (2024-2029),Elected MP,,Asansol,147000000.0,REAL_GOVT_PDF
LS428,428,Lok Sabha,Punjab,SHER SINGH GHUBAYA (2024-2029),Elected MP,,Firozpur,147000000.0,REAL_GOVT_PDF
LS429,429,Lok Sabha,Madhya Pradesh,SHIVMANGAL SINGH TOMAR (2024-2029),Elected MP,,Morena,147000000.0,REAL_GOVT_PDF
LS430,430,Lok Sabha,Madhya Pradesh,SHIVRAJ SINGH CHOUHAN (2024-2029),Elected MP,,Vidisha,147000000.0,REAL_GOVT_PDF
LS431,431,Lok Sabha,Karnataka,SHOBHA KARANDLAJE (2024-2029),Elected MP,,Bangalore North,147000000.0,REAL_GOVT_PDF
LS432,432,Lok Sabha,Gujarat,SHOBHANABEN MAHENDRASINH BARAIYA (2024-2029),Elected MP,,Sabarkantha,147000000.0,REAL_GOVT_PDF
LS433,433,Lok Sabha,Karnataka,SHREYAS. M. PATEL (2024-2029),Elected MP,,Hassan,147000000.0,REAL_GOVT_PDF
LS434,434,Lok Sabha,Haryana,Shri Dharambir Singh (2024-2029),Elected MP,,Bhiwani Mahendragarh,147000000.0,REAL_GOVT_PDF
LS435,435,Lok Sabha,West Bengal,Shri Abhishek Banerjee (2024-2029),Elected MP,,Diamond Harbour,147000000.0,REAL_GOVT_PDF
LS436,436,Lok Sabha,Punjab,Shri Amar Singh (2024-2029),Elected MP,,Fatehgarh Sahib(Sc),147000000.0,REAL_GOVT_PDF
LS437,437,Lok Sabha,Gujarat,Shri Amit Shah (2024-2029),Elected MP,,Gandhinagar,147000000.0,REAL_GOVT_PDF
LS438,438,Lok Sabha,Madhya Pradesh,Shri Anil Firojiya (2024-2029),Elected MP,,Ujjain(Sc),147000000.0,REAL_GOVT_PDF
LS439,439,Lok Sabha,Rajasthan,Shri Arjun Ram Meghwal (2024-2029),Elected MP,,Bikaner(Sc),147000000.0,REAL_GOVT_PDF
LS440,440,Lok Sabha,Uttar Pradesh,Shri Arun Kumar Sagar (2024-2029),Elected MP,,Shahjahanpur(Sc),147000000.0,REAL_GOVT_PDF
LS441,441,Lok Sabha,Karnataka,Shri B Y Raghavendra (2024-2029),Elected MP,,Shimoga,147000000.0,REAL_GOVT_PDF
LS442,442,Lok Sabha,Kerala,Shri Benny Behanan (2024-2029),Elected MP,,Chalakudy,164674770.11,REAL_GOVT_PDF
LS443,443,Lok Sabha,Odisha,Shri Bhartruhari Mahtab (2024-2029),Elected MP,,Cuttack,147000000.0,REAL_GOVT_PDF
LS444,444,Lok Sabha,Jharkhand,Shri Chandra Prakash Choudhary (2024-2029),Elected MP,,Giridih,147000000.0,REAL_GOVT_PDF
LS445,445,Lok Sabha,West Bengal,Shri Deepak (Dev) Adhikari (2024-2029),Elected MP,,Ghatal,200747364.0,REAL_GOVT_PDF
LS446,446,Lok Sabha,Punjab,Shri Gurjeet Singh Aujla (2024-2029),Elected MP,,Amritsar,147000000.0,REAL_GOVT_PDF
LS447,447,Lok Sabha,Rajasthan,Shri Hanuman Beniwal (2024-2029),Elected MP,,Nagaur,147000000.0,REAL_GOVT_PDF
LS448,448,Lok Sabha,Kerala,Shri Hibi Eden (2024-2029),Elected MP,,Ernakulam,162177260.11,REAL_GOVT_PDF
LS449,449,Lok Sabha,Bihar,Shri Janardan Singh Sigriwal (2024-2029),Elected MP,,Maharajganj_Br,147000000.0,REAL_GOVT_PDF
LS450,450,Lok Sabha,Odisha,Shri Jual Oram (2024-2029),Elected MP,,Sundargarh (St),173096756.91,REAL_GOVT_PDF
LS451,451,Lok Sabha,Jammu And Kashmir,Shri Jugal Kishore Sharma (2024-2029),Elected MP,,Jammu,147000000.0,REAL_GOVT_PDF
LS452,452,Lok Sabha,West Bengal,Shri Jyotirmay Singh Mahato (2024-2029),Elected MP,,Purulia,147000000.0,REAL_GOVT_PDF
LS453,453,Lok Sabha,Tamil Nadu,Shri Karti P Chidambaram (2024-2029),Elected MP,,Sivaganga,159049284.11,REAL_GOVT_PDF
LS454,454,Lok Sabha,Kerala,Shri Kumbakudi Sudhakaran (2024-2029),Elected MP,,Kannur,147000000.0,REAL_GOVT_PDF
LS455,455,Lok Sabha,Karnataka,Shri LS Tejasvi Surya (2024-2029),Elected MP,,Bangalore South,147000000.0,REAL_GOVT_PDF
LS456,456,Lok Sabha,Kerala,Shri M K Raghavan (2024-2029),Elected MP,,Kozhikode,147000000.0,REAL_GOVT_PDF
LS457,457,Lok Sabha,Uttar Pradesh,Shri Narendra Modi (2024-2029),Elected MP,,Varanasi,162070276.11,REAL_GOVT_PDF
LS458,458,Lok Sabha,Kerala,Shri NK Premachandran (2024-2029),Elected MP,,Kollam,171477994.11,REAL_GOVT_PDF
LS459,459,Lok Sabha,Rajasthan,Shri PP Chaudhary (2024-2029),Elected MP,,Pali,147000000.0,REAL_GOVT_PDF
LS460,460,Lok Sabha,Kerala,Shri Rajmohan Unnithan (2024-2029),Elected MP,,Kasaragod,156754633.11,REAL_GOVT_PDF
LS461,461,Lok Sabha,Assam,Shri Sarbananda Sonowal (18LS) (2024-2029),Elected MP,,Dibrugarh,147000000.0,REAL_GOVT_PDF
LS462,462,Lok Sabha,Uttar Pradesh,Shri Satish Kumar Gautam (2024-2029),Elected MP,,Aligarh,147000000.0,REAL_GOVT_PDF
LS463,463,Lok Sabha,West Bengal,Shri Shantanu Thakur (2024-2029),Elected MP,,Bangaon(Sc),147000000.0,REAL_GOVT_PDF
LS464,464,Lok Sabha,Madhya Pradesh,Shri Sudheer Gupta (2024-2029),Elected MP,,Mandsour,148988014.83,REAL_GOVT_PDF
LS465,465,Lok Sabha,Kerala,Shri Suresh Kodikunnil (2024-2029),Elected MP,,Mavelikkara(Sc),172429519.11,REAL_GOVT_PDF
LS466,466,Lok Sabha,Arunachal Pradesh,Shri Tapir Gao (2024-2029),Elected MP,,Arunachal East,147000000.0,REAL_GOVT_PDF
LS467,467,Lok Sabha,Tamil Nadu,Shri vijayakumar Vasanth (2024-2029),Elected MP,,Kanniyakumari,171500000.0,REAL_GOVT_PDF
LS468,468,Lok Sabha,Maharashtra,Shrikant Eknath Shinde (2024-2029),Elected MP,,Kalyan,147000000.0,REAL_GOVT_PDF
LS469,469,Lok Sabha,Maharashtra,SHRIMANT CHH UDAYANRAJE PRATAPSINHAMAHARAJ BHONSLE,Elected MP,,Satara,147000000.0,REAL_GOVT_PDF
LS470,470,Lok Sabha,Goa,Shripad Yesso Naik (2024-2029),Elected MP,,North Goa,147000000.0,REAL_GOVT_PDF
LS471,471,Lok Sabha,Maharashtra,Shrirang Appa Barne (2024-2029),Elected MP,,Maval,147000000.0,REAL_GOVT_PDF
LS472,472,Lok Sabha,Maharashtra,Shyamkumar (2024-2029),Elected MP,,Ramtek(Sc),147000000.0,REAL_GOVT_PDF
LS473,473,Lok Sabha,Andhra Pradesh,Sivanath Kesineni (2024-2029),Elected MP,,Vijayawada,159864032.49,REAL_GOVT_PDF
LS474,474,Lok Sabha,West Bengal,SK NURUL ISLAM (2024-2029),Elected MP,,Basirhat,49000000.0,REAL_GOVT_PDF
LS475,475,Lok Sabha,Maharashtra,SMITA UDAY WAGH (2024-2029),Elected MP,,Jalgaon,148107373.11,REAL_GOVT_PDF
LS476,476,Lok Sabha,Uttar Pradesh,Smt Anupriya Patel (2024-2029),Elected MP,,Mirzapur,147000000.0,REAL_GOVT_PDF
LS477,477,Lok Sabha,Odisha,Smt Aparajita Sarangi (2024-2029),Elected MP,,Bhubaneswar,147420861.41,REAL_GOVT_PDF
LS478,478,Lok Sabha,Uttar Pradesh,Smt Dimple Yadav (2024-2029),Elected MP,,Mainpuri,192042469.11,REAL_GOVT_PDF
LS479,479,Lok Sabha,Punjab,Smt Harsimrat Kaur Badal (2024-2029),Elected MP,,Bhatinda,159775982.39,REAL_GOVT_PDF
LS480,480,Lok Sabha,Uttar Pradesh,Smt Hema Malini (2024-2029),Elected MP,,Mathura,147000000.0,REAL_GOVT_PDF
LS481,481,Lok Sabha,Madhya Pradesh,Smt Himadri Singh (2024-2029),Elected MP,,Shahdol (St),150724861.11,REAL_GOVT_PDF
LS482,482,Lok Sabha,Gujarat,Smt Poonamben Hematbhai Maadam (2024-2029),Elected MP,,Jamnagar,147000000.0,REAL_GOVT_PDF
LS483,483,Lok Sabha,Maharashtra,Smt Raksha Nikhil Khadse (2024-2029),Elected MP,,Raver,153112586.11,REAL_GOVT_PDF
LS484,484,Lok Sabha,Tamil Nadu,Smt S Jothimani (2024-2029),Elected MP,,Karur,147000000.0,REAL_GOVT_PDF
LS485,485,Lok Sabha,West Bengal,Smt Sajda Ahmed (2024-2029),Elected MP,,Uluberia,147000000.0,REAL_GOVT_PDF
LS486,486,Lok Sabha,Madhya Pradesh,Smt Sandhya Ray (2024-2029),Elected MP,,Bhind(Sc),147000000.0,REAL_GOVT_PDF
LS487,487,Lok Sabha,Odisha,Smt Sangeeta Kumari Singh Deo (2024-2029),Elected MP,,Bolangir,147000000.0,REAL_GOVT_PDF
LS488,488,Lok Sabha,West Bengal,Smt Satabdi Roy (Banerjee) (2024-2029),Elected MP,,Birbhum,147000000.0,REAL_GOVT_PDF
LS489,489,Lok Sabha,Maharashtra,Smt Supriya Sadanand Sule (2024-2029),Elected MP,,Baramati,147000000.0,REAL_GOVT_PDF
LS490,490,Lok Sabha,Bihar,Smt Veena Devi (2024-2029),Elected MP,,Vaishali,147000000.0,REAL_GOVT_PDF
LS491,491,Lok Sabha,Andhra Pradesh,Sribharat MathuKumli (2024-2029),Elected MP,,Visakhapatnam,164841922.0,REAL_GOVT_PDF
LS492,492,Lok Sabha,Bihar,SUDAMA PRASAD (2024-2029),Elected MP,,Arrah,147000000.0,REAL_GOVT_PDF
LS493,493,Lok Sabha,Tamil Nadu,SUDHA R (2024-2029),Elected MP,,Mayiladuthurai,147332315.11,REAL_GOVT_PDF
LS494,494,Lok Sabha,Bihar,SUDHAKAR SINGH (2024-2029),Elected MP,,Buxar,185211956.54,REAL_GOVT_PDF
LS495,495,Lok Sabha,West Bengal,Sudip Bandyopadhyay (2024-2029),Elected MP,,Kolkata Uttar,147000000.0,REAL_GOVT_PDF
LS496,496,Lok Sabha,Odisha,SUKANTA KUMAR PANIGRAHI (2024-2029),Elected MP,,Kandhamal,190712424.11,REAL_GOVT_PDF
LS497,497,Lok Sabha,Jharkhand,SUKHDEO BHAGAT (2024-2029),Elected MP,,Lohardaga(St),171821957.11,REAL_GOVT_PDF
LS498,498,Lok Sabha,Punjab,SUKHJINDER SINGH RANDHAWA (2024-2029),Elected MP,,Gurdaspur,147000000.0,REAL_GOVT_PDF
LS499,499,Lok Sabha,Karnataka,SUNIL BOSE (2024-2029),Elected MP,,Chamarajanagar(Sc),147000000.0,REAL_GOVT_PDF
LS500,500,Lok Sabha,Maharashtra,Sunil Dattatray Tatkare (2024-2029),Elected MP,,Raigad,147000000.0,REAL_GOVT_PDF
LS501,501,Lok Sabha,Bihar,Sunil Kumar (2024-2029),Elected MP,,Valmiki Nagar,147000000.0,REAL_GOVT_PDF
LS502,502,Lok Sabha,Bihar,SURENDRA PRASAD YADAV (2024-2029),Elected MP,,Jahanabad,155325714.0,REAL_GOVT_PDF
LS503,503,Lok Sabha,Kerala,SURESH GOPI (2024-2029),Elected MP,,Thrissur,147000000.0,REAL_GOVT_PDF
LS504,504,Lok Sabha,Himachal Pradesh,Suresh Kumar Kashyap (2024-2029),Elected MP,,Shimla (Sc),153563957.11,REAL_GOVT_PDF
LS505,505,Lok Sabha,Telangana,SURESH KUMAR SHETKAR (2024-2029),Elected MP,,Zahirabad,147000000.0,REAL_GOVT_PDF
LS506,506,Lok Sabha,Uttar Pradesh,Swami Sachchidanandhari Sakshi ji Maharaj (2024-2029),Elected MP,,Unnao,147000000.0,REAL_GOVT_PDF
LS507,507,Lok Sabha,Tamil Nadu,T Sumathy (A) Thamizhachi Thangapandian (2024-2029),Elected MP,,Chennai South,147000000.0,REAL_GOVT_PDF
LS508,508,Lok Sabha,Andhra Pradesh,TANGELLA UDAY SRINIVAS (2024-2029),Elected MP,,Kakinada,199417886.76,REAL_GOVT_PDF
LS509,509,Lok Sabha,Uttar Pradesh,TANUJ PUNIA (2024-2029),Elected MP,,Barabanki(Sc),148198170.11,REAL_GOVT_PDF
LS510,510,Lok Sabha,Bihar,TARIQ ANWAR (2024-2029),Elected MP,,Katihar,147000000.0,REAL_GOVT_PDF
LS511,511,Lok Sabha,Tamil Nadu,Thalikkottai Rajuthevar Baalu (2024-2029),Elected MP,,Sriperumbudur,196905535.11,REAL_GOVT_PDF
LS512,512,Lok Sabha,Tamil Nadu,THANGA TAMILSELVAN (2024-2029),Elected MP,,Theni,167755939.81,REAL_GOVT_PDF
LS513,513,Lok Sabha,Tamil Nadu,THARANIVENTHAN M S (2024-2029),Elected MP,,Arani,168337124.35,REAL_GOVT_PDF
LS514,514,Lok Sabha,Tamil Nadu,Thiru Dayanidhi Maran (2024-2029),Elected MP,,Chennai Central,147000000.0,REAL_GOVT_PDF
LS515,515,Lok Sabha,Tamil Nadu,Thirumaa Valavan Thol (2024-2029),Elected MP,,Chidambaram(Sc),147000000.0,REAL_GOVT_PDF
LS516,516,Lok Sabha,Chhattisgarh,TOKHAN SAHU (2024-2029),Elected MP,,Bilaspur,147000000.0,REAL_GOVT_PDF
LS517,517,Lok Sabha,Uttarakhand,TRIVENDRA SINGH RAWAT (2024-2029),Elected MP,,Hardwar,147000000.0,REAL_GOVT_PDF
LS518,518,Lok Sabha,Uttar Pradesh,UJJWAL RAMAN SINGH (2024-2029),Elected MP,,Allahabad,147000000.0,REAL_GOVT_PDF
LS519,519,Lok Sabha,Rajasthan,UMMEDA RAM BENIWAL (2024-2029),Elected MP,,Barmer,147000000.0,REAL_GOVT_PDF
LS520,520,Lok Sabha,Uttar Pradesh,UTKARSH VERMA MADHUR (2024-2029),Elected MP,,Kheri,147000000.0,REAL_GOVT_PDF
LS521,521,Lok Sabha,Tamil Nadu,V S Matheswaran (2024-2029),Elected MP,,Namakkal,162539930.11,REAL_GOVT_PDF
LS522,522,Lok Sabha,Karnataka,V. SOMANNA (2024-2029),Elected MP,,Tumkur,147000000.0,REAL_GOVT_PDF
LS523,523,Lok Sabha,Puducherry,Vaithilingam Ve (2024-2029),Elected MP,,Puducherry,209368972.11,REAL_GOVT_PDF
LS524,524,Lok Sabha,Telangana,VAMSI KRISHNA GADDAM (2024-2029),Elected MP,,Peddapalle,148451721.11,REAL_GOVT_PDF
LS525,525,Lok Sabha,Haryana,VARUN CHAUDHRY (2024-2029),Elected MP,,Ambala (Sc),255454264.0,REAL_GOVT_PDF
LS526,526,Lok Sabha,Kerala,Vellalath Kochukrishnan Nair Sreekandan (2024-2029),Elected MP,,Palakkad,167807990.11,REAL_GOVT_PDF
LS527,527,Lok Sabha,Chhattisgarh,Vijay Baghel (2024-2029),Elected MP,,Durg,147000000.0,REAL_GOVT_PDF
LS528,528,Lok Sabha,Uttar Pradesh,Vijay Kumar Dubey (2024-2029),Elected MP,,Kushi Nagar,148900000.0,REAL_GOVT_PDF
LS529,529,Lok Sabha,Jharkhand,Vijay Kumar Hansdak (2024-2029),Elected MP,,Rajmahal(St),147223957.11,REAL_GOVT_PDF
LS530,530,Lok Sabha,Bihar,VIJAYLAKSHMI DEVI (2024-2029),Elected MP,,Siwan,147000000.0,REAL_GOVT_PDF
LS531,531,Lok Sabha,Gujarat,Vinod Chavda (2024-2029),Elected MP,,Kachchh(Sc),147000000.0,REAL_GOVT_PDF
LS532,532,Lok Sabha,Uttar Pradesh,VINOD KUMAR BIND (2024-2029),Elected MP,,Bhadohi,147000000.0,REAL_GOVT_PDF
LS533,533,Lok Sabha,Madhya Pradesh,Virendra Kumar (2024-2029),Elected MP,,Tikamgarh(Sc),147000000.0,REAL_GOVT_PDF
LS534,534,Lok Sabha,Uttar Pradesh,VIRENDRA SINGH (2024-2029),Elected MP,,Chandauli,147000000.0,REAL_GOVT_PDF
LS535,535,Lok Sabha,Maharashtra,VISHAL (2024-2029),Elected MP,,Sangli,147000000.0,REAL_GOVT_PDF
LS536,536,Lok Sabha,Jharkhand,Vishnu Dayal Ram (2024-2029),Elected MP,,Palamu(Sc),158176083.11,REAL_GOVT_PDF
LS537,537,Lok Sabha,Madhya Pradesh,Vishnu Dutt Sharma (2024-2029),Elected MP,,Khajuraho,147000000.0,REAL_GOVT_PDF
LS538,538,Lok Sabha,Karnataka,VISHWESHWAR HEGDE KAGERI (2024-2029),Elected MP,,Uttara Kannada,147000000.0,REAL_GOVT_PDF
LS539,539,Lok Sabha,Bihar,VIVEK THAKUR (2024-2029),Elected MP,,Nawada,147000000.0,REAL_GOVT_PDF
LS540,540,Lok Sabha,Andhra Pradesh,Y S Avinash Reddy (2024-2029),Elected MP,,Kadapa,156430260.11,REAL_GOVT_PDF
LS541,541,Lok Sabha,Karnataka,YADUVEER KRISHNADATTA CHAMARAJA WADIYAR (2024-2029),Elected MP,,Mysore,147000000.0,REAL_GOVT_PDF
LS542,542,Lok Sabha,Delhi,Yogendra Chandoliya (2024-2029),Elected MP,,North West Delhi(Sc),147876307.0,REAL_GOVT_PDF
LS543,543,Lok Sabha,Uttar Pradesh,ZIA UR REHMAN (2024-2029),Elected MP,,Sambhal,147000000.0,REAL_GOVT_PDF
